{
  "id": "laundry-rpg",
  "title": "The Laundry RPG",
  "description": "A system for The Laundry Roleplaying Game (Cubicle 7) in Foundry VTT.",
  "version": "1.11.1",
  "compatibility": {
    "minimum": 12,
    "verified": 13
  },
  "authors": [
    {
      "name": "Antigravity"
    }
  ],
  "esmodules": [
    "module/laundry-rpg.js"
  ],
  "styles": [
    "styles/laundry-rpg.css"
  ],
  "languages": [
    {
      "lang": "en",
      "name": "English",
      "path": "lang/en.json"
    }
  ],
  "packs": [
    {
      "name": "skills",
      "label": "Skills",
      "path": "packs/skills.db",
      "type": "Item",
      "system": "laundry-rpg"
    },
    {
      "name": "talents",
      "label": "Talents",
      "path": "packs/talents.db",
      "type": "Item",
      "system": "laundry-rpg"
    },
    {
      "name": "assignments",
      "label": "Assignments",
      "path": "packs/assignments.db",
      "type": "Item",
      "system": "laundry-rpg"
    },
    {
      "name": "weapons",
      "label": "Weapons",
      "path": "packs/weapons.db",
      "type": "Item",
      "system": "laundry-rpg"
    },
    {
      "name": "armour",
      "label": "Armour",
      "path": "packs/armour.db",
      "type": "Item",
      "system": "laundry-rpg"
    },
    {
      "name": "spells",
      "label": "Spells",
      "path": "packs/spells.db",
      "type": "Item",
      "system": "laundry-rpg"
    },
    {
      "name": "rules",
      "label": "Rules Dossier",
      "path": "packs/rules.db",
      "type": "JournalEntry",
      "system": "laundry-rpg"
    }
  ],
  "url": "https://github.com/heisssen/laundry-rpg",
  "manifest": "https://github.com/heisssen/laundry-rpg/releases/latest/download/manifest.json",
  "download": "https://github.com/heisssen/laundry-rpg/releases/latest/download/system.zip",
  "license": "UNLICENSED"
}
