{
  "id": "laundry-rpg",
  "title": "The Laundry RPG",
  "description": "A system for The Laundry Roleplaying Game (Cubicle 7) in Foundry VTT.",
  "version": "1.0.0",
  "compatibility": {
    "minimum": "10",
    "verified": "11"
  },
  "author": "Antigravity",
  "esmodules": [
    "module/laundry-rpg.js"
  ],
  "styles": [
    "styles/laundry-rpg.css"
  ],
  "languages": [
    {
      "lang": "en",
      "name": "English",
      "path": "lang/en.json"
    }
  ],
  "packs": [],
  "url": "https://github.com/[YOUR_GITHUB_USERNAME]/[YOUR_REPO_NAME]",
  "manifest": "https://github.com/[YOUR_GITHUB_USERNAME]/[YOUR_REPO_NAME]/releases/latest/download/system.json",
  "download": "https://github.com/[YOUR_GITHUB_USERNAME]/[YOUR_REPO_NAME]/releases/latest/download/system.zip",
  "license": "LICENSE"
}