{
    "Actor": {
        "types": [
            "character",
            "npc"
        ],
        "templates": {
            "base": {
                "attributes": {
                    "body": { "value": 1 },
                    "mind": { "value": 1 },
                    "spirit": { "value": 1 }
                },
                "derived": {
                    "toughness": { "value": 0 },
                    "injuries": { "value": 0, "max": 0 },
                    "adrenaline": { "value": 0, "max": 0 },
                    "melee": { "value": 0, "label": "" },
                    "accuracy": { "value": 0, "label": "" },
                    "defence": { "value": 0, "label": "" },
                    "armour": { "value": 0 },
                    "initiative": { "value": 0 },
                    "naturalAwareness": { "value": 0 }
                },
                "details": {
                    "assignment": "",
                    "department": "",
                    "clearance": "UNCLASSIFIED",
                    "xp": {
                        "value": 0,
                        "unspent": 0
                    }
                }
            }
        },
        "character": {
            "templates": ["base"],
            "biography": ""
        },
        "npc": {
            "templates": ["base"],
            "biography": "",
            "threat": "minor"
        }
    },
    "Item": {
        "types": [
            "skill",
            "talent",
            "weapon",
            "armour",
            "gear",
            "spell",
            "assignment"
        ],
        "templates": {
            "base": {
                "description": ""
            }
        },
        "assignment": {
            "templates": ["base"],
            "attributes": { "body": 0, "mind": 0, "spirit": 0 },
            "coreSkills": "",
            "coreTalent": "",
            "talents": "",
            "equipment": ""
        },
        "skill": {
            "templates": ["base"],
            "attribute": "mind",
            "training": 0,
            "focus": 0
        },
        "talent": {
            "templates": ["base"],
            "requirements": ""
        },
        "weapon": {
            "templates": ["base"],
            "damage": "1d6",
            "range": "Close",
            "skill": "Ranged",
            "traits": "",
            "equipped": false
        },
        "armour": {
            "templates": ["base"],
            "protection": 0,
            "traits": "",
            "equipped": false
        },
        "gear": {
            "templates": ["base"],
            "quantity": 1,
            "weight": 0
        },
        "spell": {
            "templates": ["base"],
            "level": 1,
            "castingTime": "",
            "dn": 4,
            "complexity": 1,
            "target": "",
            "range": "",
            "duration": "",
            "school": ""
        }
    }
}
